,Train Accuracy,Train Loss,Validation Accuracy,Validation Loss,Test Accuracy
mean,0.7843356013298035,0.5224311470985412,0.7725892663002014,0.5577995002269744,79.69924807548523
std,0.004534684576916325,0.009311495838139176,0.036447701212976046,0.06596668506655606,3.8338498296284977
