Fold,Total Parameters,Image Size,Train Accuracy,Train Loss,Validation Accuracy,Validation Loss,Test Accuracy
1,1.639.019,224,0.6330472230911255,0.8486567735671997,0.7450980544090271,0.6616652011871338,66.41790866851807
