Fold,Total Parameters,Image Size,Train Accuracy,Train Loss,Validation Accuracy,Validation Loss,Test Accuracy
1,1.639.019,224,0.7892617583274841,0.5044918060302734,0.7272727489471436,0.6907627582550049,76.69172883033752
2,1.639.019,224,0.8013423085212708,0.5100537538528442,0.7807486653327942,0.5591919422149658,72.93233275413513
3,1.639.019,224,0.7841823101043701,0.5451475977897644,0.801075279712677,0.5475512146949768,78.94737124443054
4,1.639.019,224,0.7680965065956116,0.5435155034065247,0.7688171863555908,0.5963683128356934,77.44361162185669
5,1.639.019,224,0.7828418016433716,0.5448874831199646,0.7849462628364563,0.4759892225265503,75.18796920776367
