,Train Accuracy,Train Loss,Validation Accuracy,Validation Loss,Test Accuracy
mean,0.7851449370384216,0.5296192288398742,0.7725720286369324,0.5739726901054383,76.24060273170471
std,0.012001907393253361,0.02050336232400487,0.02783225629795033,0.07851561743644804,2.2929254517073336
