Fold,Total Parameters,Image Size,Train Accuracy,Train Loss,Validation Accuracy,Validation Loss,Test Accuracy
1,1.639.019,224,0.7825503349304199,0.5335102677345276,0.7647058963775635,0.5393978953361511,82.70676732063293
2,1.639.019,224,0.7892617583274841,0.5262407064437866,0.7272727489471436,0.6014764308929443,81.20300769805908
3,1.639.019,224,0.7855227589607239,0.5269197225570679,0.7634408473968506,0.5785924196243286,73.68420958518982
4,1.639.019,224,0.7868632674217224,0.5136562585830688,0.8279569745063782,0.4521014988422394,78.19548845291138
5,1.639.019,224,0.777479887008667,0.5118287801742554,0.7795698642730713,0.617429256439209,82.70676732063293
